pair,mean_A_mbps,mean_B_mbps,share_A,jain_index
bbr_vs_cubic,52.6554497936575,42.92497069136078,0.5509020521824443,0.9897422365708022
bbr_vs_bbr,48.34741444132456,45.45691160393136,0.5154070870675979,0.9990513873926794
cubic_vs_cubic,50.55805881507,44.94677035354251,0.5293769881082183,0.9965598457933255
